Chief of Comp:,,Matt Pauli,,,,,,,,,,,,
Technical Delegate:,,Matt Laue,,,,,,Course:,,2500m Course,,,,
Assitant TD:,,Jim Tervo,,,,,,,Height Difference:,HD: 25m,,,,
USSA:,,Robert Lazzaroni,,,,,,,Maximum Climb:,MC: 26m,,,,
Jury:,,Scott Jerome,,,,,,Total Climb:,,TC: 438m,,,,
2018 U.S. Cross Country Ski Championships - 10K/15K Freestyle,,,,,,,,,,,,,,
01/03/2018,,,,,,,,,,,,,,
Rank,Bib,Name,Nat,YOB,Class,USSA,FIS,Lap 1,Lap 2,Lap 3,Lap 4,Lap 5,Finish,Back
Men's 15Km Freestyle,,,,,,,,,,,,,,
1,215,Scott Patterson,USA,92,M Sr,6066807,3530532,5:32.5 (1),11:34.7 (1),17:41.0 (1),23:51.2 (1),30:03.2 (1),36:33.7,-
,,APUNSC,,,,,,,,,,,,
2,206,Noah Hoffman,USA,89,M Sr,6028518,3530489,5:40.4 (2),11:46.5 (2),18:05.1 (2),24:32.6 (2),30:55.4 (2),37:29.0,+55.2
,,Ski & Snowboard Vail,,,,,,,,,,,,
3,221,Matthew Liebsch,USA,83,M Msr,5754890,3530348,5:47.5 (7),11:59.0 (3),18:29.1 (3),24:50.5 (3),31:12.7 (3),37:50.3,+1:16.5
,,Pioneer Midwest,,,,,,,,,,,,
4,217,Rogan Brown,USA,91,M Sr,6066740,3530550,5:54.0 (15),12:13.2 (12),18:32.4 (5),24:58.8 (5),31:20.6 (4),37:54.1,+1:20.3
,,Sun Valley SEF,,,,,,,,,,,,
5,205,Tad Elliott,USA,88,M Sr,5989553,3530492,5:59.1 (28),12:16.6 (13),18:35.6 (8),25:02.8 (7),31:24.5 (5),37:58.2,+1:24.4
,,Ski & Snowboard Vail,,,,,,,,,,,,
6,230,Gus Schumacher,USA,0,MU18,6455836,3530882,5:54.5 (17),12:20.4 (14),18:43.9 (13),25:09.4 (10),31:33.5 (9),38:01.4,+1:27.7
,,Alaska Winter Stars,,,,,,,,,,,,
7,209,Brian Gregg,USA,84,M Msr,5618657,3530177,5:48.2 (8),12:07.9 (7),18:35.0 (7),24:59.7 (6),31:25.1 (6),38:05.1,+1:31.3
,,CXC/LNR/Team Gregg,,,,,,,,,,,,
8,201,Jack Hegman,USA,94,M Sr,6262073,3530691,5:46.3 (5),12:08.3 (8),18:32.7 (6),24:53.8 (4),31:30.0 (7),38:09.8,+1:36.0
,,Sun Valley SEF,,,,,,,,,,,,
9,233,Benjamin Ogden,USA,0,MU18,6548120,3530902,5:48.7 (9),12:13.1 (11),18:43.6 (12),25:07.5 (9),31:31.1 (8),38:15.9,+1:42.1
,,Stratton Mt. School,,,,,,,,,,,,
10,220,Adam Martin,USA,94,M Sr,6313249,3530711,5:59.0 (27),12:24.8 (21),18:57.2 (19),25:18.8 (13),31:39.8 (12),38:18.0,+1:44.2
,,Craftsbury GRP,,,,,,,,,,,,
11,207,Kevin Bolger,USA,93,M Sr,6257581,3530713,5:51.7 (10),12:12.0 (10),18:37.2 (9),25:11.1 (12),31:36.7 (10),38:19.5,+1:45.7
,,Sun Valley SEF,,,,,,,,,,,,
12,210,Dag Frode Trolleboe,NOR,93,M Sr,,3421788,5:55.0 (19),12:24.1 (20),18:53.0 (15),25:26.0 (16),31:55.9 (15),38:26.9,+1:53.1
,,University of Denver,,,,,,,,,,,,
13,211,Benjamin Lustgarten,USA,92,M Sr,6315534,3530772,5:44.2 (4),12:11.7 (9),18:40.2 (10),25:10.1 (11),31:43.9 (13),38:30.6,+1:56.8
,,Craftsbury GRP,,,,,,,,,,,,
14,235,Tyler Kornfield,USA,91,M Sr,6022750,3530522,5:52.5 (13),12:06.6 (6),18:30.1 (4),25:03.1 (8),31:39.2 (11),38:32.6,+1:58.8
,,APUNSC,,,,,,,,,,,,
15,239,Akeo Maifeld-Carucci,USA,93,M Sr,6257379,3530628,5:41.9 (3),12:04.8 (4),18:46.4 (14),25:24.7 (15),31:53.3 (14),38:35.4,+2:01.6
,,Bend Endurance,,,,,,,,,,,,
Timing and Data by Superior Timing LLC,,,,,,,01/10/2018 14:36,,,,,,,1
Chief of Comp:,,Matt Pauli,,,,,,,,,,,,
Technical Delegate:,,Matt Laue,,,,,,Course:,,2500m Course,,,,
Assitant TD:,,Jim Tervo,,,,,,,Height Difference:,HD: 25m,,,,
USSA:,,Robert Lazzaroni,,,,,,,Maximum Climb:,MC: 26m,,,,
Jury:,,Scott Jerome,,,,,,Total Climb:,,TC: 438m,,,,
2018 U.S. Cross Country Ski Championships - 10K/15K Freestyle,,,,,,,,,,,,,,
Rnk,Bib,Name,Nat,YOB,Class,USSA,FIS,Lap 1,Lap 2,Lap 3,Lap 4,Lap 5,Finish,Back
16,271,Erik Axelsson,SWE,94,M Sr,,3501210,6:06.3 (53),12:29.9 (29),18:55.6 (16),25:27.2 (17),32:00.1 (18),38:44.5,+2:10.7
,,Montana State,,,,,,,,,,,,
17,219,Matthew Gelso,USA,88,M Sr,5864319,3530378,5:56.6 (22),12:21.8 (17),18:55.8 (18),25:27.5 (18),31:59.9 (17),38:47.7,+2:13.9
,,Sun Valley SEF,,,,,,,,,,,,
18,224,Eivind Romberg Kvaale,NOR,94,M Sr,,3422243,5:54.5 (18),12:31.6 (32),19:07.9 (34),25:35.2 (24),32:04.1 (21),38:48.4,+2:14.6
,,University of Denver,,,,,,,,,,,,
19,204,Martin Bergstroem,SWE,92,M Sr,,3500972,5:52.0 (11),12:22.0 (18),18:41.2 (11),25:19.4 (14),31:58.2 (16),38:49.4,+2:15.6
,,Utah Ski Team,,,,,,,,,,,,
20,222,Forrest Mahlen,USA,93,M Sr,6186472,3530649,5:52.0 (12),12:21.3 (16),18:55.6 (17),25:33.3 (22),32:08.4 (24),38:52.9,+2:19.1
,,APUNSC,,,,,,,,,,,,
21,225,Hunter Wonders,USA,98,MU20,6460986,3530860,6:04.4 (46),12:38.4 (41),19:07.8 (33),25:37.6 (25),32:08.5 (25),38:54.1,+2:20.3
,,APUNSC,,,,,,,,,,,,
22,274,Hakon Hjelstuen,NOR,92,M Sr,,3421406,6:03.4 (41),12:29.8 (27),19:01.2 (23),25:31.1 (20),32:06.8 (23),38:54.5,+2:20.7
,,Utah Ski Team,,,,,,,,,,,,
23,272,Toomas Kollo,EST,95,MU23,,3390185,6:00.2 (31),12:28.3 (24),18:59.4 (20),25:33.6 (23),32:03.5 (19),38:54.9,+2:21.1
,,UAA,,,,,,,,,,,,
24,226,Thomas O'harra,USA,96,MU23,6295917,3530757,5:55.6 (20),12:27.2 (23),19:00.7 (22),25:30.6 (19),32:03.5 (20),38:55.5,+2:21.7
,,APUNSC,,,,,,,,,,,,
25,203,Kris Freeman,USA,80,M Msr,5289053,1285347,5:57.5 (24),12:25.6 (22),19:00.5 (21),25:32.6 (21),32:05.7 (22),39:04.0,+2:30.2
,,Caldwell Sport,,,,,,,,,,,,
26,227,Gavin Mcewen,USA,97,MU23,6382350,3530761,5:57.9 (25),12:29.3 (26),19:02.2 (24),25:40.9 (26),32:11.8 (26),39:07.6,+2:33.8
,,Dartmouth Ski Team,,,,,,,,,,,,
27,228,Silas Talbot,USA,92,M Sr,6071906,3530626,5:57.0 (23),12:30.3 (30),19:05.0 (27),25:42.8 (27),32:21.7 (27),39:07.8,+2:34.0
,,Bridger Ski Foundation,,,,,,,,,,,,
28,246,Johnny Hagenbuch,USA,1,MU18,6240974,3530986,5:59.5 (30),12:24.1 (19),19:06.9 (31),25:45.3 (28),32:22.1 (28),39:13.2,+2:39.4
,,Sun Valley SEF,,,,,,,,,,,,
29,280,Seiji Takagi,USA,96,MU23,6351472,3530739,6:06.2 (52),12:41.4 (48),19:15.9 (41),25:56.9 (38),32:34.2 (31),39:24.8,+2:51.0
,,UAF,,,,,,,,,,,,
30,212,Alvar Johannes Alev,EST,93,M Sr,,3390167,5:54.1 (16),12:29.1 (25),19:08.3 (35),25:47.6 (30),32:34.8 (32),39:26.1,+2:52.3
,,CU,,,,,,,,,,,,
31,202,Petter Reistad,NOR,94,M Sr,,3422003,5:55.6 (21),12:36.3 (37),19:21.4 (47),26:03.0 (42),32:35.6 (33),39:26.7,+2:52.9
,,CU,,,,,,,,,,,,
32,241,Ti Donaldson,USA,0,MU18,6553131,3530909,6:01.8 (36),12:36.4 (38),19:14.3 (39),25:53.1 (34),32:31.0 (29),39:29.2,+2:55.4
,,NSCF-FXC,,,,,,,,,,,,
33,264,Haydn Halvorsen,USA,1,MU18,6563557,3530926,5:53.0 (14),12:31.2 (31),19:06.2 (30),25:49.2 (31),32:32.8 (30),39:29.4,+2:55.6
,,Sugar Bowl Academy,,,,,,,,,,,,
Timing and Data by Superior Timing LLC,,,,,,,01/10/2018 14:36,,,,,,,2
Chief of Comp:,,Matt Pauli,,,,,,,,,,,,
Technical Delegate:,,Matt Laue,,,,,,Course:,,2500m Course,,,,
Assitant TD:,,Jim Tervo,,,,,,,Height Difference:,HD: 25m,,,,
USSA:,,Robert Lazzaroni,,,,,,,Maximum Climb:,MC: 26m,,,,
Jury:,,Scott Jerome,,,,,,Total Climb:,,TC: 438m,,,,
2018 U.S. Cross Country Ski Championships - 10K/15K Freestyle,,,,,,,,,,,,,,
Rnk,Bib,Name,Nat,YOB,Class,USSA,FIS,Lap 1,Lap 2,Lap 3,Lap 4,Lap 5,Finish,Back
34,213,Callan Deline,USA,95,MU23,6038947,3530640,6:00.5 (32),12:34.6 (34),19:07.0 (32),25:55.3 (35),32:40.1 (39),39:30.2,+2:56.4
,,Dartmouth Ski Team,,,,,,,,,,,,
35,242,Bill Harmeyer,USA,97,MU23,6450406,3530805,6:04.9 (48),12:36.0 (36),19:14.9 (40),25:55.4 (36),32:37.5 (36),39:32.7,+2:58.9
,,Univ of Vermont,,,,,,,,,,,,
36,254,Elliot Ketchel,USA,99,MU20,6443462,,6:08.7 (63),12:43.1 (50),19:17.1 (43),25:57.3 (39),32:35.9 (34),39:34.4,+3:00.6
,,GMVS,,,,,,,,,,,,
37,260,Max Donaldson,USA,97,MU23,6392503,3530795,6:01.6 (35),12:34.7 (35),19:09.6 (37),25:50.6 (32),32:37.8 (37),39:37.5,+3:03.7
,,UAF,,,,,,,,,,,,
38,240,Lars Hannah,USA,96,MU23,5812797,3530759,6:03.7 (42),12:41.7 (49),19:21.0 (45),26:07.5 (45),32:48.9 (42),39:38.4,+3:04.6
,,University of Denver,,,,,,,,,,,,
39,277,Max Lachance,USA,96,MU23,6398055,3530782,6:12.7 (71),12:41.4 (47),19:20.6 (44),26:03.7 (43),32:38.1 (38),39:39.8,+3:06.0
,,Bridger Ski Foundation,,,,,,,,,,,,
40,292,Alex Eckert,DEU,93,M Sr,6552665,3200410,6:02.5 (38),12:43.1 (51),19:24.0 (49),26:02.9 (41),32:45.6 (41),39:40.8,+3:07.0
,,UAF,,,,,,,,,,,,
41,229,Luke Jager,USA,0,MU18,6503220,3530911,6:00.7 (33),12:34.1 (33),19:06.0 (29),25:45.4 (29),32:36.6 (35),39:43.5,+3:09.7
,,APUNSC,,,,,,,,,,,,
42,243,Canyon Tobin,USA,99,MU20,6414429,3530938,6:05.1 (49),12:29.8 (28),19:04.4 (26),25:52.7 (33),32:44.2 (40),39:45.9,+3:12.1
,,APUNSC,,,,,,,,,,,,
43,218,Eric Packer,USA,90,M Sr,5461033,3530485,5:46.7 (6),12:06.3 (5),19:05.8 (28),25:59.6 (40),32:52.2 (43),39:55.5,+3:21.7
,,APUNSC,,,,,,,,,,,,
44,291,Simon Zink,USA,98,MU20,6224185,3530806,6:11.4 (68),12:45.7 (54),19:23.8 (48),26:08.8 (48),32:53.3 (44),39:58.6,+3:24.8
,,University of Denver,,,,,,,,,,,,
45,253,Adam Glueck,USA,99,MU20,6539910,3530966,5:58.3 (26),12:40.3 (44),19:21.1 (46),26:11.8 (50),32:58.0 (46),39:58.7,+3:24.9
,,Dartmouth Ski Team,,,,,,,,,,,,
46,232,Karl Schulz,USA,98,MU20,6446999,3530894,6:06.8 (54),12:43.6 (52),19:16.6 (42),26:08.0 (47),33:01.8 (49),40:02.8,+3:29.0
,,Univ of Vermont,,,,,,,,,,,,
47,259,Kamran Husain,USA,97,MU23,6487238,3530783,6:16.7 (87),12:47.6 (58),19:34.7 (57),26:19.9 (53),33:08.5 (51),40:05.4,+3:31.6
,,Dartmouth Ski Team,,,,,,,,,,,,
48,394,Patrick Johnson,USA,89,M Sr,5927900,,6:14.2 (78),12:48.4 (59),19:26.8 (52),26:07.5 (46),32:59.0 (47),40:05.6,+3:31.8
,,Auburn Ski Club,,,,,,,,,,,,
49,214,Kyle Bratrud,USA,93,M Sr,6343854,3530679,6:02.3 (37),12:21.2 (15),19:03.5 (25),25:56.2 (37),32:53.7 (45),40:09.4,+3:35.6
,,CXC/LNR,,,,,,,,,,,,
50,251,Eli Jensen,USA,98,MU20,6206122,3530901,6:08.3 (61),12:39.0 (43),19:27.2 (54),26:10.5 (49),33:03.3 (50),40:12.6,+3:38.8
,,Montana State,,,,,,,,,,,,
51,299,Reid Goble,USA,99,MU20,6550854,3530904,6:09.6 (66),12:44.6 (53),19:26.3 (51),26:14.4 (51),33:09.2 (52),40:16.7,+3:43.0
,,Michigan Tech,,,,,,,,,,,,
Timing and Data by Superior Timing LLC,,,,,,,01/10/2018 14:36,,,,,,,3
Chief of Comp:,,Matt Pauli,,,,,,,,,,,,
Technical Delegate:,,Matt Laue,,,,,,Course:,,2500m Course,,,,
Assitant TD:,,Jim Tervo,,,,,,,Height Difference:,HD: 25m,,,,
USSA:,,Robert Lazzaroni,,,,,,,Maximum Climb:,MC: 26m,,,,
Jury:,,Scott Jerome,,,,,,Total Climb:,,TC: 438m,,,,
2018 U.S. Cross Country Ski Championships - 10K/15K Freestyle,,,,,,,,,,,,,,
Rnk,Bib,Name,Nat,YOB,Class,USSA,FIS,Lap 1,Lap 2,Lap 3,Lap 4,Lap 5,Finish,Back
52,236,Arnaud Guyon,FRA,91,M Sr,6745718,3190372,6:07.3 (55),12:52.8 (64),19:37.4 (60),26:29.3 (59),33:11.8 (53),40:16.9,+3:43.1
,,UAF,,,,,,,,,,,,
53,289,Logan Diekmann,USA,97,MU23,6320672,3530718,6:05.2 (50),12:53.0 (65),19:37.1 (59),26:22.9 (55),33:17.8 (56),40:22.2,+3:48.4
,,Utah Ski Team,,,,,,,,,,,,
54,261,Andrew Potyk,USA,97,MU23,5982483,3530917,6:03.7 (43),12:46.0 (55),19:31.4 (55),26:24.4 (57),33:14.2 (55),40:22.5,+3:48.7
,,CU,,,,,,,,,,,,
55,278,Bjorn Riksaasen,NOR,97,MU23,,3423130,6:03.0 (39),12:40.4 (45),19:26.8 (53),26:20.6 (54),33:12.6 (54),40:22.9,+3:49.1
,,Utah Ski Team,,,,,,,,,,,,
56,237,Wyatt Gebhardt,USA,99,MU20,6056048,3530845,6:04.4 (47),12:38.7 (42),19:13.7 (38),26:04.9 (44),33:01.0 (48),40:24.7,+3:50.9
,,SSWSC,,,,,,,,,,,,
57,256,Thomas Bye,USA,95,MU23,6464973,3530771,5:59.5 (29),12:40.8 (46),19:38.4 (61),26:32.0 (62),33:23.0 (58),40:25.7,+3:51.9
,,Michigan Tech,,,,,,,,,,,,
58,265,Mitchell Delong,USA,99,MU20,6547480,,6:08.0 (60),12:49.8 (61),19:36.9 (58),26:29.4 (60),33:24.3 (60),40:30.4,+3:56.6
,,Michigan Tech,,,,,,,,,,,,
59,285,Lukash Platil,USA,96,MU23,6515295,3530886,6:07.7 (57),12:46.1 (56),19:33.8 (56),26:25.1 (58),33:23.0 (59),40:34.4,+4:00.6
,,UAF,,,,,,,,,,,,
60,323,Zanden Mcmullen,USA,1,MU18,6614952,3530998,6:01.2 (34),12:47.5 (57),19:45.2 (65),26:41.8 (64),33:34.5 (62),40:45.0,+4:11.2
,,APUNSC,,,,,,,,,,,,
61,353,Alex Nemeth,USA,1,MU18,6665830,3531001,6:16.1 (86),12:56.0 (68),19:40.0 (62),26:30.0 (61),33:20.9 (57),40:45.1,+4:11.3
,,Loppet Nordic Racing,,,,,,,,,,,,
62,238,Zak Ketterson,USA,97,MU23,6429793,3530835,6:07.9 (59),12:38.2 (40),19:08.8 (36),26:17.6 (52),33:40.5 (64),40:48.3,+4:14.5
,,Northern Michigan,,,,,,,,,,,,
63,336,Andrew Meyer,USA,99,MU20,6321132,3530929,6:18.7 (92),13:00.5 (74),19:49.1 (66),26:43.8 (65),33:38.8 (63),40:48.9,+4:15.1
,,Bridger Ski Foundation,,,,,,,,,,,,
64,258,Peter Wolter,USA,98,MU20,6120398,3530900,6:07.8 (58),12:49.0 (60),19:41.2 (63),26:39.0 (63),33:44.0 (66),40:51.9,+4:18.1
,,Middlebury College,,,,,,,,,,,,
65,322,James Schneider,USA,1,MU18,6608562,,6:19.7 (94),13:10.1 (88),20:00.6 (76),26:52.9 (73),33:45.9 (68),40:59.5,+4:25.7
,,Loppet Nordic Racing,,,,,,,,,,,,
66,300,Graham Houtsma,USA,97,MU23,5999529,3530862,6:03.8 (44),12:37.9 (39),19:25.1 (50),26:24.0 (56),33:29.8 (61),41:00.1,+4:26.3
,,Bates College,,,,,,,,,,,,
67,266,Scott Schulz,USA,0,MU18,6592495,3530952,6:14.0 (77),12:58.9 (71),19:54.2 (72),26:52.5 (71),33:55.5 (71),41:04.0,+4:30.2
,,NYSEF,,,,,,,,,,,,
68,269,Leo Hipp,USA,97,MU23,6485069,3530859,6:09.0 (64),12:50.9 (62),19:43.9 (64),26:45.1 (66),33:49.1 (69),41:05.0,+4:31.2
,,Northern Michigan,,,,,,,,,,,,
69,208,Ian Torchia,USA,96,MU23,6484692,3530814,6:05.4 (51),12:51.9 (63),19:53.5 (70),26:52.8 (72),33:51.7 (70),41:05.6,+4:31.8
,,Northern Michigan University/USST,,,,,,,,,,,,
Timing and Data by Superior Timing LLC,,,,,,,01/10/2018 14:36,,,,,,,4
Chief of Comp:,,Matt Pauli,,,,,,,,,,,,
Technical Delegate:,,Matt Laue,,,,,,Course:,,2500m Course,,,,
Assitant TD:,,Jim Tervo,,,,,,,Height Difference:,HD: 25m,,,,
USSA:,,Robert Lazzaroni,,,,,,,Maximum Climb:,MC: 26m,,,,
Jury:,,Scott Jerome,,,,,,Total Climb:,,TC: 438m,,,,
2018 U.S. Cross Country Ski Championships - 10K/15K Freestyle,,,,,,,,,,,,,,
Rnk,Bib,Name,Nat,YOB,Class,USSA,FIS,Lap 1,Lap 2,Lap 3,Lap 4,Lap 5,Finish,Back
70,328,Eli Hermanson,USA,1,MU18,6355449,3530942,6:31.9 (123),13:30.3 (115),20:22.6 (97),27:14.7 (85),34:05.6 (77),41:07.5,+4:33.7
,,Alaska Winter Stars,,,,,,,,,,,,
71,297,Tamer Mische-Richter,USA,96,MU23,6386295,3530873,6:03.9 (45),12:54.5 (67),19:49.9 (67),26:49.8 (69),33:56.8 (73),41:09.9,+4:36.1
,,St Scholastica,,,,,,,,,,,,
72,312,Torsten Brinkema,USA,99,MU20,6569416,,6:15.3 (81),12:59.8 (73),19:52.9 (69),26:47.3 (68),33:45.4 (67),41:10.3,+4:36.5
,,Loppet Nordic Racing,,,,,,,,,,,,
73,231,Karsten Hokanson,USA,96,MU23,6362361,3530741,6:15.6 (82),13:00.7 (76),19:51.2 (68),26:45.6 (67),33:42.2 (65),41:12.9,+4:39.1
,,Montana State,,,,,,,,,,,,
74,255,Patrick Acton,USA,99,MU20,6532637,,6:13.2 (74),12:57.7 (70),19:55.6 (74),27:04.1 (77),33:59.8 (74),41:13.1,+4:39.4
,,Michigan Tech,,,,,,,,,,,,
75,281,Greg Burt,USA,0,MU18,6606795,3530968,6:15.9 (84),13:06.9 (81),20:05.4 (83),27:08.5 (79),34:05.7 (78),41:18.3,+4:44.6
,,GMVS,,,,,,,,,,,,
76,302,Will Koch,USA,2,MU16,6620128,3530982,6:08.4 (62),12:56.7 (69),19:54.3 (73),26:51.5 (70),33:56.1 (72),41:19.7,+4:45.9
,,Stratton Mt. School,,,,,,,,,,,,
77,263,William Kerker,USA,98,MU20,6646277,,6:17.3 (89),13:14.0 (93),20:11.6 (88),27:12.4 (82),34:11.2 (80),41:29.0,+4:55.2
,,Colby College,,,,,,,,,,,,
78,317,Will Solow,USA,99,MU20,6554390,3530985,6:22.6 (102),13:09.0 (86),19:53.5 (71),26:56.5 (75),34:03.2 (75),41:29.1,+4:55.3
,,Sun Valley SEF,,,,,,,,,,,,
79,326,Nicholas Sweeney,USA,97,MU23,6483203,3530824,6:25.4 (110),13:24.4 (105),20:26.2 (101),27:18.3 (89),34:34.2 (90),41:30.8,+4:57.0
,,University of Denver,,,,,,,,,,,,
80,257,Noel Keeffe,USA,99,MU20,6002158,3530760,6:15.9 (85),13:04.2 (79),20:02.9 (79),27:10.1 (80),34:13.6 (81),41:31.2,+4:57.4
,,SSWSC,,,,,,,,,,,,
81,252,Noah Andersen,USA,91,M Sr,6282487,3530749,6:25.5 (112),13:08.5 (85),19:55.9 (75),26:55.7 (74),34:03.5 (76),41:33.7,+4:59.9
,,Montana State,,,,,,,,,,,,
82,324,Henry Gorman,USA,95,MU23,6373751,3530758,6:15.7 (83),13:01.2 (78),20:03.7 (81),27:10.2 (81),34:16.9 (82),41:46.8,+5:13.0
,,UNH,,,,,,,,,,,,
83,270,Cameron Wolfe,USA,0,MU18,6304076,3530953,6:13.8 (75),13:07.9 (83),20:02.5 (78),27:03.9 (76),34:11.1 (79),41:50.1,+5:16.3
,,Ski & Snowboard Vail,,,,,,,,,,,,
84,247,Jan Cech,CZE,93,M Sr,6552640,3150496,6:03.1 (40),12:59.1 (72),20:09.6 (87),27:27.1 (94),34:32.4 (89),41:54.3,+5:20.5
,,UAF,,,,,,,,,,,,
85,284,Logan Mowry,USA,98,MU20,6463099,3531008,6:09.8 (67),13:00.9 (77),20:03.4 (80),27:14.8 (86),34:30.1 (87),41:57.2,+5:23.4
,,NSCF-FXC,,,,,,,,,,,,
86,392,Olav Vestoel,NOR,94,M Sr,,3424098,6:12.9 (72),13:10.7 (90),20:09.5 (86),27:17.5 (88),34:27.5 (85),41:57.2,+5:23.4
,,Michigan Tech,,,,,,,,,,,,
87,286,Carter Hall,USA,96,MU23,6661173,,6:12.5 (70),13:04.6 (80),20:08.5 (85),27:16.0 (87),34:31.0 (88),41:59.2,+5:25.4
,,Colby College,,,,,,,,,,,,
Timing and Data by Superior Timing LLC,,,,,,,01/10/2018 14:36,,,,,,,5
Chief of Comp:,,Matt Pauli,,,,,,,,,,,,
Technical Delegate:,,Matt Laue,,,,,,Course:,,2500m Course,,,,
Assitant TD:,,Jim Tervo,,,,,,,Height Difference:,HD: 25m,,,,
USSA:,,Robert Lazzaroni,,,,,,,Maximum Climb:,MC: 26m,,,,
Jury:,,Scott Jerome,,,,,,Total Climb:,,TC: 438m,,,,
2018 U.S. Cross Country Ski Championships - 10K/15K Freestyle,,,,,,,,,,,,,,
Rnk,Bib,Name,Nat,YOB,Class,USSA,FIS,Lap 1,Lap 2,Lap 3,Lap 4,Lap 5,Finish,Back
88,262,Woody Martineau,USA,99,MU20,6561615,3530933,6:20.7 (97),13:09.8 (87),20:13.8 (90),27:19.8 (91),34:26.9 (84),42:01.1,+5:27.3
,,Crested Butte Nordic,,,,,,,,,,,,
89,296,Anders Sonnesyn,USA,0,MU18,6534959,3530974,6:33.7 (127),13:36.2 (121),20:37.9 (110),27:46.9 (105),34:45.8 (95),42:02.1,+5:28.3
,,Wayzata Nordic,,,,,,,,,,,,
90,293,Jimmy Colfer,USA,0,MU18,6053185,3530958,6:17.5 (90),13:14.3 (94),20:23.4 (98),27:27.7 (95),34:43.3 (93),42:02.5,+5:28.7
,,SSWSC,,,,,,,,,,,,
91,249,James Clinton,USA,0,MU18,6579652,3530910,6:23.9 (105),13:22.8 (101),20:14.7 (91),27:19.7 (90),34:35.7 (91),42:02.9,+5:29.1
,,Auburn Ski Club,,,,,,,,,,,,
92,290,Zackarias Toresson,SWE,93,M Sr,,3501138,6:11.7 (69),13:00.5 (75),20:04.8 (82),27:13.6 (83),34:28.0 (86),42:03.1,+5:29.3
,,UAA,,,,,,,,,,,,
93,347,Gus Schatzlein,USA,0,MU18,6747091,,6:43.9 (145),13:46.4 (129),20:45.0 (117),27:48.4 (107),34:49.2 (99),42:09.4,+5:35.6
,,Loppet Nordic Racing,,,,,,,,,,,,
94,305,Joshua Valentine,USA,1,MU18,6646529,3530984,6:14.2 (79),13:08.4 (84),20:07.0 (84),27:08.2 (78),34:43.7 (94),42:10.6,+5:36.8
,,GMVS,,,,,,,,,,,,
95,250,Xavier Mansfield,USA,98,MU20,6539813,3530865,6:36.0 (131),13:40.4 (124),20:48.5 (120),27:59.5 (115),35:03.5 (106),42:14.7,+5:40.9
,,Northern Michigan,,,,,,,,,,,,
96,310,Sam Hodges,USA,0,MU18,6502709,3530858,6:23.7 (104),13:19.5 (99),20:19.0 (95),27:32.5 (97),34:46.9 (97),42:16.2,+5:42.4
,,Frost Mt. Nordic,,,,,,,,,,,,
97,363,Peter Brewer,USA,92,M Sr,6339155,,6:19.9 (95),13:14.6 (95),20:18.5 (94),27:32.1 (96),34:47.1 (98),42:16.2,+5:42.5
,,Alaska Nordic Racing,,,,,,,,,,,,
98,288,Adam Witkowski,USA,0,MU18,6548508,3530856,6:16.8 (88),13:10.6 (89),20:21.5 (96),27:33.2 (98),34:56.1 (102),42:19.9,+5:46.1
,,Stratton Mt. School,,,,,,,,,,,,
99,307,Sven Tate,USA,0,MU18,6075014,3530959,6:32.3 (125),13:26.4 (110),20:26.1 (100),27:42.5 (102),34:52.6 (100),42:24.9,+5:51.2
,,SSWSC,,,,,,,,,,,,
100,301,Skylar Patten,USA,1,MU18,6651096,,6:28.2 (117),13:32.3 (116),20:31.7 (103),27:42.0 (100),34:56.0 (101),42:25.3,+5:51.5
,,Park City Ski,,,,,,,,,,,,
101,294,Marcus Deuling,CAN,97,MU23,,3100388,6:13.0 (73),13:11.5 (91),20:12.4 (89),27:22.2 (92),34:43.2 (92),42:28.1,+5:54.3
,,UAA,,,,,,,,,,,,
102,329,Tracen Knopp,USA,98,MU20,6400804,3530827,6:09.2 (65),13:07.7 (82),20:16.6 (92),27:35.8 (99),34:58.1 (103),42:30.5,+5:56.7
,,UAA,,,,,,,,,,,,
103,276,Luc Golin,USA,99,MU20,6601591,3531020,6:23.4 (103),13:27.8 (112),20:35.6 (108),27:46.4 (104),35:04.1 (108),42:35.4,+6:01.6
,,Loppet Nordic Racing,,,,,,,,,,,,
104,339,Josh Albrecht,USA,99,MU20,6520092,,6:25.5 (113),13:19.1 (98),20:18.4 (93),27:24.3 (93),34:45.8 (96),42:36.8,+6:03.0
,,Michigan Tech,,,,,,,,,,,,
105,360,Garrett Butts,USA,1,MU18,6644456,,6:27.5 (114),13:34.6 (120),20:43.8 (116),27:52.0 (111),35:02.2 (105),42:36.8,+6:03.0
,,Gunnison Nordic,,,,,,,,,,,,
Timing and Data by Superior Timing LLC,,,,,,,01/10/2018 14:36,,,,,,,6
Chief of Comp:,,Matt Pauli,,,,,,,,,,,,
Technical Delegate:,,Matt Laue,,,,,,Course:,,2500m Course,,,,
Assitant TD:,,Jim Tervo,,,,,,,Height Difference:,HD: 25m,,,,
USSA:,,Robert Lazzaroni,,,,,,,Maximum Climb:,MC: 26m,,,,
Jury:,,Scott Jerome,,,,,,Total Climb:,,TC: 438m,,,,
2018 U.S. Cross Country Ski Championships - 10K/15K Freestyle,,,,,,,,,,,,,,
Rnk,Bib,Name,Nat,YOB,Class,USSA,FIS,Lap 1,Lap 2,Lap 3,Lap 4,Lap 5,Finish,Back
106,313,Nicholas Power,USA,92,M Sr,6316882,3530973,6:29.1 (119),13:23.8 (102),20:40.4 (112),27:51.1 (109),35:04.0 (107),42:40.1,+6:06.3
,,Bridger Ski Foundation,,,,,,,,,,,,
107,325,Ian Boucher,USA,95,MU23,6291601,3530696,6:27.7 (115),13:24.5 (106),20:34.1 (105),27:48.1 (106),35:04.6 (109),42:44.8,+6:11.0
,,CU,,,,,,,,,,,,
108,331,Daniel Wood,USA,95,MU23,6521857,,6:39.7 (138),13:45.7 (128),20:56.0 (123),28:06.2 (119),35:17.1 (114),42:49.0,+6:15.2
,,Michigan Tech,,,,,,,,,,,,
109,245,Sam Elfstrom,USA,94,M Sr,6372814,3530732,6:15.1 (80),13:16.5 (96),20:29.1 (102),27:48.5 (108),35:11.1 (111),42:51.5,+6:17.7
,,CXC/Endurance United,,,,,,,,,,,,
110,304,Henry Raff,USA,99,MU20,6251453,,6:24.6 (107),13:24.1 (103),20:34.9 (107),27:51.1 (110),35:13.1 (112),42:52.1,+6:18.3
,,Sun Valley SEF,,,,,,,,,,,,
111,268,Jack Consenstein,USA,98,MU20,6415823,3530825,6:13.8 (76),13:13.4 (92),20:34.5 (106),27:57.0 (113),35:19.1 (115),42:56.6,+6:22.8
,,APUNSC,,,,,,,,,,,,
112,335,Griffin Wright,USA,1,MU18,6651202,,6:21.0 (98),13:18.8 (97),20:25.8 (99),27:43.7 (103),35:10.4 (110),43:03.2,+6:29.4
,,Craftsbury NSC,,,,,,,,,,,,
113,355,Walker Hall,USA,2,MU16,6607494,3530989,6:24.9 (109),13:27.8 (113),20:40.9 (113),27:57.3 (114),35:22.8 (116),43:03.8,+6:30.0
,,Methow Valley Nordic,,,,,,,,,,,,
114,340,Martin Muan,NOR,91,M Sr,,3422566,6:34.6 (128),13:34.0 (119),20:41.4 (114),27:53.0 (112),35:14.8 (113),43:05.8,+6:32.0
,,Montana State,,,,,,,,,,,,
115,295,Tyler Terranova,USA,99,MU20,6110571,3530869,6:19.2 (93),13:25.3 (107),20:40.4 (111),28:00.7 (116),35:29.3 (117),43:08.3,+6:34.5
,,CU,,,,,,,,,,,,
116,298,Niklas Rombock,DEU,96,MU23,,3200666,6:18.2 (91),13:24.3 (104),20:37.3 (109),28:02.9 (117),35:30.6 (118),43:09.9,+6:36.1
,,Univ of New Mexico,,,,,,,,,,,,
117,316,Eric Houck,USA,98,MU20,6536565,,6:21.3 (99),13:25.9 (108),20:51.5 (121),28:16.2 (121),35:36.5 (120),43:13.1,+6:39.3
,,Michigan Tech,,,,,,,,,,,,
118,283,Shad Kraftson,USA,98,MU20,6632806,,6:25.4 (111),13:33.4 (118),20:41.6 (115),28:03.7 (118),35:31.1 (119),43:16.6,+6:42.8
,,UW - Green Bay,,,,,,,,,,,,
119,352,Nate Cutler,USA,0,MU18,6576496,3531018,6:24.7 (108),13:20.2 (100),20:47.1 (118),28:15.4 (120),35:39.7 (121),43:18.2,+6:44.4
,,Sugar Bowl Academy,,,,,,,,,,,,
120,315,Lane Myshrall,USA,1,MU18,6233639,,6:30.0 (122),13:40.7 (125),21:03.2 (127),28:32.0 (126),35:50.1 (123),43:33.8,+7:00.0
,,Park City Ski,,,,,,,,,,,,
121,306,Jack Christianson,USA,97,MU23,6564341,,6:37.7 (133),13:45.5 (127),20:58.1 (125),28:19.2 (122),35:46.0 (122),43:36.0,+7:02.2
,,St Scholastica,,,,,,,,,,,,
122,332,Samuel York,USA,0,MU18,6443850,3531021,6:28.1 (116),13:37.5 (123),20:58.3 (126),28:26.3 (123),36:00.7 (125),43:48.7,+7:14.9
,,APUNSC,,,,,,,,,,,,
123,359,Logan Chamberlain,USA,1,MU18,6619501,3530951,6:41.7 (140),13:46.6 (131),21:03.4 (128),28:35.7 (127),36:04.1 (126),43:54.4,+7:20.6
,,Wasatch Nordic,,,,,,,,,,,,
Timing and Data by Superior Timing LLC,,,,,,,01/10/2018 14:36,,,,,,,7
Chief of Comp:,,Matt Pauli,,,,,,,,,,,,
Technical Delegate:,,Matt Laue,,,,,,Course:,,2500m Course,,,,
Assitant TD:,,Jim Tervo,,,,,,,Height Difference:,HD: 25m,,,,
USSA:,,Robert Lazzaroni,,,,,,,Maximum Climb:,MC: 26m,,,,
Jury:,,Scott Jerome,,,,,,Total Climb:,,TC: 438m,,,,
2018 U.S. Cross Country Ski Championships - 10K/15K Freestyle,,,,,,,,,,,,,,
Rnk,Bib,Name,Nat,YOB,Class,USSA,FIS,Lap 1,Lap 2,Lap 3,Lap 4,Lap 5,Finish,Back
124,303,Jacob Ajax,USA,96,MU23,6466440,,6:29.2 (120),13:33.4 (117),20:58.0 (124),28:31.1 (125),36:07.7 (127),43:55.0,+7:21.2
,,UW - Green Bay,,,,,,,,,,,,
125,244,Nolan Herzog,USA,99,MU20,6508864,3530785,6:22.4 (101),13:26.2 (109),20:54.6 (122),28:26.5 (124),35:56.6 (124),43:55.8,+7:22.1
,,Ski & Snowboard Vail,,,,,,,,,,,,
126,334,Brandon Herhusky,USA,98,MU20,6175822,3530807,6:35.7 (130),13:48.1 (132),21:12.2 (131),28:42.0 (131),36:14.1 (129),44:04.5,+7:30.7
,,UAA,,,,,,,,,,,,
127,379,Nicholas Byrne,USA,98,MU20,6716898,,6:49.6 (155),13:59.7 (139),21:15.3 (132),28:38.9 (128),36:14.5 (130),44:06.7,+7:32.9
,,Loppet Nordic Racing,,,,,,,,,,,,
128,311,Ryan Steger,USA,99,MU20,6662712,3530997,6:39.3 (136),13:53.3 (133),21:11.4 (130),28:40.9 (129),36:12.9 (128),44:07.6,+7:33.8
,,St Scholastica,,,,,,,,,,,,
129,345,Benjamin Keener,USA,99,MU20,6615013,,6:33.1 (126),13:59.2 (138),21:27.3 (138),28:55.8 (136),36:23.4 (132),44:08.0,+7:34.2
,,NSCF-FXC,,,,,,,,,,,,
130,356,Everett Cason,USA,1,MU18,6625923,,6:37.8 (134),13:54.1 (134),21:19.6 (135),28:42.5 (132),36:17.7 (131),44:16.8,+7:43.1
,,APUNSC,,,,,,,,,,,,
131,333,Henry Hall,USA,1,MU18,6641708,,6:35.3 (129),13:46.5 (130),21:15.8 (133),28:43.3 (133),36:23.8 (133),44:19.3,+7:45.5
,,Loppet Nordic Racing,,,,,,,,,,,,
132,318,Evan Barbier,USA,98,MU20,6002828,3530889,6:24.6 (106),13:28.8 (114),20:47.5 (119),28:41.1 (130),36:33.4 (136),44:24.0,+7:50.2
,,University of Denver,,,,,,,,,,,,
133,342,Thomas Woolhouse,USA,98,MU20,6646301,,6:42.6 (141),14:07.2 (142),21:32.9 (140),29:04.8 (138),36:35.3 (137),44:24.5,+7:50.8
,,UW - Green Bay,,,,,,,,,,,,
134,368,Robert Schoff,USA,99,MU20,6637410,,6:38.6 (135),13:58.9 (137),21:23.7 (136),28:48.9 (134),36:29.6 (134),44:32.7,+7:58.9
135,344,Will Lange,USA,1,MU18,6647298,,6:29.9 (121),13:55.5 (135),21:24.3 (137),28:56.7 (137),36:30.9 (135),44:37.3,+8:03.5
,,Mount Bachelor Sports,,,,,,,,,,,,
136,321,Ari Endestad,USA,0,MU18,6629313,,6:40.2 (139),13:56.9 (136),21:32.8 (139),29:25.5 (141),37:05.4 (141),44:47.9,+8:14.1
,,NSCF-FXC,,,,,,,,,,,,
137,279,Conor Munns,USA,0,MU18,6596132,3530937,6:07.4 (56),12:54.0 (66),20:02.1 (77),27:14.1 (84),34:22.0 (83),44:50.3,+8:16.6
,,Stratton Mt. School,,,,,,,,,,,,
138,319,Marcus Gore,USA,0,MU18,6369617,3530946,6:28.5 (118),13:40.8 (126),21:17.3 (134),29:11.3 (139),37:00.5 (139),44:56.9,+8:23.1
,,Ski & Snowboard Vail,,,,,,,,,,,,
139,267,Collin Wilson,USA,0,MU18,6425631,3530962,6:20.2 (96),13:36.9 (122),21:07.8 (129),28:54.1 (135),36:43.6 (138),45:03.9,+8:30.1
,,Ski & Snowboard Vail,,,,,,,,,,,,
140,374,Jacob Barsness,USA,0,MU18,6638291,,6:52.4 (156),14:22.1 (153),21:46.5 (144),29:16.0 (140),37:06.2 (142),45:09.8,+8:36.0
,,Aspen Valley Ski Club,,,,,,,,,,,,
141,370,Micah Barber,USA,0,MU18,6580582,,6:48.7 (153),14:10.1 (144),21:41.4 (141),29:26.8 (142),37:12.2 (143),45:16.1,+8:42.3
Timing and Data by Superior Timing LLC,,,,,,,01/10/2018 14:36,,,,,,,8
Chief of Comp:,,Matt Pauli,,,,,,,,,,,,
Technical Delegate:,,Matt Laue,,,,,,Course:,,2500m Course,,,,
Assitant TD:,,Jim Tervo,,,,,,,Height Difference:,HD: 25m,,,,
USSA:,,Robert Lazzaroni,,,,,,,Maximum Climb:,MC: 26m,,,,
Jury:,,Scott Jerome,,,,,,Total Climb:,,TC: 438m,,,,
2018 U.S. Cross Country Ski Championships - 10K/15K Freestyle,,,,,,,,,,,,,,
Rnk,Bib,Name,Nat,YOB,Class,USSA,FIS,Lap 1,Lap 2,Lap 3,Lap 4,Lap 5,Finish,Back
142,357,Tres Green,USA,99,MU20,6618870,,6:54.8 (159),14:16.9 (149),21:42.4 (142),29:29.3 (144),37:04.5 (140),45:16.6,+8:42.8
,,Michigan Tech,,,,,,,,,,,,
143,384,Seth Downs,USA,69,M Msr,5946454,,6:49.2 (154),14:10.8 (145),21:42.6 (143),29:28.5 (143),37:23.3 (145),45:23.3,+8:49.5
,,NSAA,,,,,,,,,,,,
144,358,Thomas Hussey,USA,0,MU18,6594253,3531019,6:45.2 (148),14:15.2 (148),21:51.0 (145),29:29.9 (145),37:21.4 (144),45:26.0,+8:52.2
,,Frost Mt. Nordic,,,,,,,,,,,,
145,314,Sam Myers,USA,98,MU20,6570728,,6:36.2 (132),14:09.0 (143),21:52.8 (148),29:38.9 (146),37:29.1 (146),45:33.8,+9:00.0
,,UW - Green Bay,,,,,,,,,,,,
146,376,Brian Wing,USA,99,MU20,6581425,,6:59.8 (166),14:41.1 (163),22:14.8 (158),29:57.5 (153),37:44.4 (149),45:36.3,+9:02.5
,,Alaska Nordic Racing,,,,,,,,,,,,
147,308,Hunter Greene,USA,1,MU18,6647327,,6:39.7 (137),14:12.5 (146),21:53.7 (149),29:51.6 (151),37:51.7 (151),45:43.5,+9:09.7
,,Mount Bachelor Sports,,,,,,,,,,,,
148,375,Dale Baurick,USA,2,MU16,6284323,,6:57.0 (161),14:19.0 (151),21:56.8 (150),29:39.9 (147),37:38.5 (147),45:55.6,+9:21.8
,,NSCF-FXC,,,,,,,,,,,,
149,383,Jakob Brones Engen,NOR,0,MU18,,3424256,6:47.8 (152),14:23.2 (154),22:06.7 (153),29:52.5 (152),37:45.0 (150),46:02.3,+9:28.5
,,Boulder Nordic,,,,,,,,,,,,
150,391,Andrew Egger,USA,95,MU23,6464546,,6:32.0 (124),14:01.5 (140),21:52.3 (147),29:49.3 (150),37:58.3 (155),46:11.2,+9:37.4
,,Colby College,,,,,,,,,,,,
151,338,Daniel Fischer,USA,98,MU20,6534307,3530823,6:59.5 (164),14:40.1 (161),22:30.1 (164),30:07.6 (156),37:53.6 (153),46:12.0,+9:38.2
,,Wasatch Nordic,,,,,,,,,,,,
152,354,Kai Meyers,USA,0,MU18,6295451,,6:44.4 (147),14:15.0 (147),21:57.1 (151),29:44.5 (148),37:42.2 (148),46:12.1,+9:38.3
,,APUNSC,,,,,,,,,,,,
153,330,Jacob Jampel,USA,99,MU20,6650216,,6:45.6 (150),14:27.2 (157),22:18.9 (160),30:11.7 (160),38:03.5 (156),46:14.4,+9:40.6
,,CSU,,,,,,,,,,,,
154,350,Trent Fritzel,USA,99,MU20,6511271,3530885,6:52.8 (157),14:27.2 (156),22:11.4 (157),30:03.6 (155),37:53.6 (152),46:17.3,+9:43.5
155,365,Samuel Delamere,USA,1,MU18,6622099,,6:52.9 (158),14:27.8 (158),22:07.4 (154),29:57.7 (154),37:55.5 (154),46:23.9,+9:50.1
,,NSCF-FXC,,,,,,,,,,,,
156,378,Harrison Hoefler,USA,0,MU18,6171490,,6:58.8 (163),14:30.6 (159),22:18.3 (159),30:13.4 (162),38:22.4 (162),46:29.0,+9:55.2
,,Park City Ski,,,,,,,,,,,,
157,369,Sam Brooks,USA,3,MU16,6479961,,6:59.5 (165),14:45.4 (167),22:26.0 (162),30:12.7 (161),38:16.8 (159),46:34.7,+10:00.9
,,Boulder Nordic,,,,,,,,,,,,
158,373,Abram Brown,USA,1,MU18,6321200,,6:55.5 (160),14:26.3 (155),22:09.2 (155),30:11.6 (159),38:14.8 (158),46:38.0,+10:04.2
,,Bogus Basin Nordic,,,,,,,,,,,,
159,377,Koby Vinson,USA,0,MU18,6576933,,6:46.7 (151),14:19.2 (152),22:05.8 (152),30:11.2 (157),38:13.2 (157),46:41.2,+10:07.4
,,Alaska Nordic Racing,,,,,,,,,,,,
Timing and Data by Superior Timing LLC,,,,,,,01/10/2018 14:36,,,,,,,9
Chief of Comp:,,Matt Pauli,,,,,,,,,,,,
Technical Delegate:,,Matt Laue,,,,,,Course:,,2500m Course,,,,
Assitant TD:,,Jim Tervo,,,,,,,Height Difference:,HD: 25m,,,,
USSA:,,Robert Lazzaroni,,,,,,,Maximum Climb:,MC: 26m,,,,
Jury:,,Scott Jerome,,,,,,Total Climb:,,TC: 438m,,,,
2018 U.S. Cross Country Ski Championships - 10K/15K Freestyle,,,,,,,,,,,,,,
Rnk,Bib,Name,Nat,YOB,Class,USSA,FIS,Lap 1,Lap 2,Lap 3,Lap 4,Lap 5,Finish,Back
160,343,Jackson Adler,USA,0,MU18,6631000,,6:43.4 (144),14:17.5 (150),22:10.9 (156),30:11.6 (158),38:20.8 (160),46:47.6,+10:13.8
,,Ashwaubenon Nordic,,,,,,,,,,,,
161,395,Kent Murdoch,USA,61,M Msr,4612271,,7:08.3 (171),14:43.5 (164),22:28.3 (163),30:24.0 (164),38:21.2 (161),46:47.8,+10:14.0
,,Seattle Nordic,,,,,,,,,,,,
162,341,Cooper Anderson,USA,1,MU18,6322631,,6:57.4 (162),14:44.1 (165),22:41.9 (169),30:44.7 (167),38:49.5 (166),46:58.3,+10:24.5
,,Auburn Ski Club,,,,,,,,,,,,
163,381,Torsten Renner,USA,0,MU18,6653407,,7:05.6 (168),14:40.6 (162),22:24.3 (161),30:23.5 (163),38:42.6 (164),46:58.5,+10:24.7
,,Alaska Nordic Racing,,,,,,,,,,,,
164,337,Peter Haynes,USA,1,MU18,6336922,3530925,6:43.0 (143),14:52.9 (169),22:49.5 (170),30:47.3 (168),38:51.2 (167),47:03.1,+10:29.3
,,Summit Nordic Ski,,,,,,,,,,,,
165,367,Alexander Maurer,USA,2,MU16,6640485,3531004,7:02.0 (167),14:44.9 (166),22:31.3 (165),30:33.5 (165),38:38.9 (163),47:16.4,+10:42.6
,,Alaska Winter Stars,,,,,,,,,,,,
166,380,Peter Hinds,USA,2,MU16,6640862,,7:34.4 (176),15:01.3 (172),22:41.5 (168),30:38.2 (166),38:47.1 (165),47:28.0,+10:54.2
,,APUNSC,,,,,,,,,,,,
167,361,Hans Personius,USA,0,MU18,6636558,,7:12.8 (173),14:54.8 (171),22:53.8 (172),31:03.1 (172),39:00.2 (168),47:28.8,+10:55.0
,,NSCF-FXC,,,,,,,,,,,,
168,366,Hunter Dercks,USA,98,MU20,6666887,,6:44.2 (146),14:48.5 (168),22:52.6 (171),30:54.9 (171),39:00.3 (169),47:36.1,+11:02.3
,,Michigan Tech,,,,,,,,,,,,
169,349,Everett Sapp,USA,99,MU20,6521549,3530948,6:45.5 (149),14:35.3 (160),22:39.7 (166),30:48.1 (169),39:07.1 (170),47:53.7,+11:19.9
,,Sugar Bowl Academy,,,,,,,,,,,,
170,362,Bryce Pintner,USA,0,MU18,6619876,,9:06.1 (178),16:37.9 (177),24:14.7 (177),31:56.4 (174),39:47.1 (172),48:10.0,+11:36.2
,,APUNSC,,,,,,,,,,,,
171,372,Nathaniel Badger,USA,99,MU20,6741740,,7:07.8 (170),14:54.6 (170),22:41.5 (167),30:54.0 (170),39:16.6 (171),48:10.8,+11:37.0
,,Ski & Snowboard Vail,,,,,,,,,,,,
172,389,Duncan Wright,USA,98,MU20,6652128,,7:08.7 (172),15:01.7 (173),23:11.4 (173),31:45.8 (173),40:19.1 (173),49:11.7,+12:37.9
,,APUNSC,,,,,,,,,,,,
173,386,Jackson Hardin,USA,99,MU20,6648017,3530995,6:42.7 (142),14:07.2 (141),21:51.1 (146),29:48.5 (149),40:47.1 (176),49:12.1,+12:38.3
,,Cambridge Sports,,,,,,,,,,,,
174,364,Jeremy Kupferschmid,USA,0,MU18,6558688,,7:07.5 (169),15:13.1 (174),23:43.0 (175),32:06.0 (176),40:26.9 (174),49:25.2,+12:51.4
,,Alaska Nordic Racing,,,,,,,,,,,,
175,385,Alton Denton,USA,2,MU16,6672137,,7:13.2 (174),15:17.4 (175),23:34.1 (174),32:04.0 (175),40:34.2 (175),49:26.9,+12:53.1
,,NSCF-FXC,,,,,,,,,,,,
176,287,Josiah Alverts,USA,99,MU20,6615466,3531007,6:22.4 (100),13:27.8 (111),20:32.0 (104),27:42.1 (101),35:00.9 (104),49:55.9,+13:22.1
177,390,Gavin Kentch,USA,81,M Msr,6613952,,7:25.2 (175),15:26.8 (176),23:45.4 (176),32:11.6 (177),40:55.0 (177),50:08.3,+13:34.6
,,APUNSC,,,,,,,,,,,,
Timing and Data by Superior Timing LLC,,,,,,,01/10/2018 14:36,,,,,,,10
Chief of Comp:,,Matt Pauli,,,,,,,,,,,,
Technical Delegate:,,Matt Laue,,,,,,Course:,,2500m Course,,,,
Assitant TD:,,Jim Tervo,,,,,,,Height Difference:,HD: 25m,,,,
USSA:,,Robert Lazzaroni,,,,,,,Maximum Climb:,MC: 26m,,,,
Jury:,,Scott Jerome,,,,,,Total Climb:,,TC: 438m,,,,
2018 U.S. Cross Country Ski Championships - 10K/15K Freestyle,,,,,,,,,,,,,,
Rnk,Bib,Name,Nat,YOB,Class,USSA,FIS,Lap 1,Lap 2,Lap 3,Lap 4,Lap 5,Finish,Back
178,388,John Mucha,USA,58,M Msr,2787935,,8:05.8 (177),17:34.9 (178),26:59.1 (178),36:30.8 (178),46:02.5 (178),55:51.2,+19:17.4
,,UAA Alumni,,,,,,,,,,,,
DNF,351,Matthew Moreau,USA,1,MU18,6624988,3531025,6:37.7 (DNF),14:18.3 (DNF),21:46.7 (DNF),29:28.4 (DNF),37:01.0 (DNF),DNF,
,,GMVS,,,,,,,,,,,,
DNF,348,Luke Fritzel,USA,0,MU18,6556247,3530919,6:51.7 (DNF),14:31.0 (DNF),22:22.3 (DNF),,,DNF,
,,Alaska Winter Stars,,,,,,,,,,,,
DNF,234,Luke Brown,USA,95,MU23,6373988,3530906,,,,,,DNF,
,,Dartmouth Ski Team,,,,,,,,,,,,
DNS,393,Michael Browder,USA,56,M Msr,5406111,3530488,,,,,,DNS,
,,Club Nordique Chamonix,,,,,,,,,,,,
DNS,387,Konrad Renner,USA,3,MU16,6653410,,,,,,,DNS,
,,Alaska Nordic Racing,,,,,,,,,,,,
DNS,382,Hamish Wolfe,USA,98,MU20,,3220050,,,,,,DNS,
,,British Nordic,,,,,,,,,,,,
DNS,371,Michael Earnhart,USA,2,MU16,6635424,,,,,,,DNS,
,,Alaska Nordic Racing,,,,,,,,,,,,
DNS,346,Karl Danielson,USA,99,MU20,6578825,,,,,,,DNS,
,,Alaska Nordic Racing,,,,,,,,,,,,
DNS,327,Dawson Knopp,USA,98,MU20,6403697,3530826,,,,,,DNS,
,,APUNSC,,,,,,,,,,,,
DNS,320,Oliver Snow,USA,0,MU18,6649887,,,,,,,DNS,
,,Cambridge Sports,,,,,,,,,,,,
DNS,309,Kai Mittelsteadt,USA,2,MU16,6324873,3531026,,,,,,DNS,
,,Bridger Ski Foundation,,,,,,,,,,,,
DNS,282,James Kitch,USA,0,MU18,6643622,,,,,,,DNS,
,,Cambridge Sports,,,,,,,,,,,,
DNS,275,Gaspard Cuenot,CHE,91,M Sr,,3510413,,,,,,DNS,
,,Michigan Tech,,,,,,,,,,,,
DNS,273,Jacob Engstroem,SWE,94,M Sr,,3501189,,,,,,DNS,
,,Utah Ski Team,,,,,,,,,,,,
DNS,223,Benjamin Saxton,USA,93,M Sr,6289937,3530672,,,,,,DNS,
,,SMS T2 Team,,,,,,,,,,,,
DNS,216,David Norris,USA,90,M Sr,5995436,3530496,,,,,,DNS,
,,APUNSC,,,,,,,,,,,,
DNS,248,Nick Lovett,USA,94,M Sr,6310254,3530975,,,,,,DNS,
,,UAF,,,,,,,,,,,,
Timing and Data by Superior Timing LLC,,,,,,,01/10/2018 14:36,,,,,,,11
